{
	"info": {
		"_postman_id": "18efb5e8-aa82-42de-b263-d0e08e730a3f",
		"name": "TallerCR",
		"schema": "https://schema.getpostman.com/json/collection/v2.1.0/collection.json",
		"_exporter_id": "30987294"
	},
	"item": [
		{
			"name": "post a taller",
			"request": {
				"method": "POST",
				"header": [],
				"body": {
					"mode": "raw",
					"raw": " {\r\n        \"id\": 1,\r\n        \"nombre\": \"Taller A\",\r\n        \"provincia\": \"San Jose\",\r\n        \"canton\": \"Escazu\",\r\n        \"distrito\": \"San Rafael\",\r\n        \"otras_señas\": \"Dos cuadras a la derecha del chino\",\r\n        \"costo_operacion\": 500000,\r\n        \"horas_de_trabajo\": 165,\r\n        \"telefono\": 22334455,\r\n        \"nombre_usuario\": \"Usuario1\",\r\n        \"email\": \"tallerA@gmail.com\",\r\n        \"contraseña\": \"Contraseña1\"\r\n    }",
					"options": {
						"raw": {
							"language": "json"
						}
					}
				},
				"url": {
					"raw": "http://localhost:8080/taller",
					"protocol": "http",
					"host": [
						"localhost"
					],
					"port": "8080",
					"path": [
						"taller"
					]
				}
			},
			"response": []
		},
		{
			"name": "get a taller",
			"protocolProfileBehavior": {
				"disableBodyPruning": true
			},
			"request": {
				"method": "GET",
				"header": [],
				"body": {
					"mode": "raw",
					"raw": "\r\n{\r\n    \"nombre\": \"Taller A\",\r\n    \"provincia\": \"San Jose\",\r\n    \"canton\": \"Escazu\",\r\n    \"distrito\": \"San Rafael\",\r\n    \"otras_señas\": \"Dos cuadras a la derecha del chino\",\r\n    \"costo_operacion\": 500000,\r\n    \"horas_de_trabajo\": 165,\r\n    \"telefono\": 22334455,\r\n    \"nombre_usuario\": \"Usuario1\",\r\n    \"email\": \"tallerA@gmail.com\",\r\n    \"contraseña\": \"Contraseña1\"\r\n}\r\n"
				},
				"url": {
					"raw": "http://localhost:8080/taller",
					"protocol": "http",
					"host": [
						"localhost"
					],
					"port": "8080",
					"path": [
						"taller"
					]
				}
			},
			"response": []
		},
		{
			"name": "get a servicio",
			"request": {
				"method": "GET",
				"header": []
			},
			"response": []
		},
		{
			"name": "post a servicio",
			"request": {
				"method": "POST",
				"header": []
			},
			"response": []
		},
		{
			"name": "Patch a service",
			"request": {
				"method": "PATCH",
				"header": [],
				"body": {
					"mode": "raw",
					"raw": "{\r\n        \"id\": 2,\r\n        \"fecha_ingreso\": \"2022-12-31\",\r\n        \"fecha_conclusion\": \"2023-01-03\",\r\n        \"descripcion\": \"Cambio de transmision\",\r\n        \"horas_invertidas\": 14,\r\n        \"costo_total_mano_de_obra\": 110000,\r\n        \"costo_total_facturado\": 150000,\r\n        \"porcentaje_utilidad\": 0,\r\n        \"vehiculo\": 1\r\n    }",
					"options": {
						"raw": {
							"language": "json"
						}
					}
				},
				"url": {
					"raw": "http://localhost:8080/taller/1/cliente/1/servicio/2",
					"protocol": "http",
					"host": [
						"localhost"
					],
					"port": "8080",
					"path": [
						"taller",
						"1",
						"cliente",
						"1",
						"servicio",
						"2"
					]
				}
			},
			"response": []
		},
		{
			"name": "Post a pieza",
			"request": {
				"method": "POST",
				"header": [],
				"body": {
					"mode": "raw",
					"raw": "{\r\n    \"codigo\": \"P0029\",\r\n    \"cantidad\": 10,\r\n    \"costo_total\": 10000,\r\n    \"codigo_pieza\": \"P001\",\r\n    \"servicio\": 1\r\n\r\n}",
					"options": {
						"raw": {
							"language": "json"
						}
					}
				},
				"url": {
					"raw": "/taller/{num-cuenta-taller}/cliente/{numcliente}/servicio/{id-servicio}/pieza",
					"path": [
						"taller",
						"{num-cuenta-taller}",
						"cliente",
						"{numcliente}",
						"servicio",
						"{id-servicio}",
						"pieza"
					]
				}
			},
			"response": []
		}
	]
}